business_name,phone,email,website,address,rating,reviews,business_type,zip_code,source_url,scraped_at,rejection_reason
Strong's Brick Oven Pizzeria,(513) 510-4157,,https://www.strongsbrickovenpizza.com/,"6166 Bridgetown Rd, Cincinnati, OH 45248",4.5,,Pizza Parlors,45001,https://www.strongsbrickovenpizza.com/,2026-06-08 16:53:25,Missing: email
Dewey's Pizza - Harrison Greene,(513) 574-5744,,https://deweyspizza.com/location/harrison-greene/,"5649 Harrison Ave, Cincinnati, OH 45248",4.6,,Pizza Parlors,45001,https://deweyspizza.com/location/harrison-greene/,2026-06-08 16:54:03,Missing: email
Your Mom’s Pizzeria,(513) 381-1888,,http://yourmomspizzeria.com/,"1045 St Gregory St, Cincinnati, OH 45202",4.7,,Pizza Parlors,45001,http://yourmomspizzeria.com/,2026-06-08 16:54:13,Missing: email
Krimmer's Italianette Pizzeria,(513) 521-7650,,https://www.italianettepizza.com/,"1704 W Galbraith Rd, North College Hill, OH 45239",4.5,,Pizza Parlors,45001,https://www.italianettepizza.com/,2026-06-08 16:54:37,Missing: email
The Works Pizza Co. Covington,(859) 261-0414,,https://theworkspizzaco.com/,"114 Park Pl, Covington, KY 41011",4.3,,Pizza Parlors,45001,https://theworkspizzaco.com/,2026-06-08 16:54:47,Missing: email
Incline Smoke Shack,(513) 996-1009,,https://www.inclinesmokeshack.com/,"7391 Forbes Rd, Cincinnati, OH 45233",4.3,,Pizza Parlors,45001,https://www.inclinesmokeshack.com/,2026-06-08 16:54:57,Missing: email
Ghost Pizza,(859) 815-8011,,https://www.ghostkitchenpizzas.com/,"409 Lehmer St, Covington, KY 41011",4.9,,Pizza Parlors,45001,https://www.ghostkitchenpizzas.com/,2026-06-08 16:55:07,Missing: email
Bakery Express Midwest LLC,,Garrett@thinkrural.com,,"8000 Dixon Dr, Florence, KY 41042",4.8,,Commercial Bakeries,45001,5363498184350467554,2026-06-08 17:00:40,Missing: phone
Sprinkles Creamy Whip,(513) 546-1731,,https://sprinklescreamywhip.wixsite.com/sprinklescreamywhip,"500 N Miami Ave, Cleves, OH 45002",4.7,,Ice Cream Parlors,45001,https://sprinklescreamywhip.wixsite.com/sprinklescreamywhip,2026-06-08 17:01:23,Missing: email
Cone Zone,(513) 481-9663,,,"4101 Harrison Ave, Cincinnati, OH 45211",4.6,,Ice Cream Parlors,45001,16587145349209869071,2026-06-08 17:01:50,Missing: email
Whitewater Whippy Dip,(513) 910-3086,,https://whitewaterwhippydip.com/,"9705 Dry Fork Rd, Harrison, OH 45030",4.7,,Ice Cream Parlors,45001,https://whitewaterwhippydip.com/,2026-06-08 17:01:53,Missing: email
Pendleton Parlor: Ice Cream & Cookie Dough,,,,"1218 Broadway, Cincinnati, OH 45202",4.5,,Ice Cream Parlors,45001,11052847795769539501,2026-06-08 17:03:02,"Missing: phone, email"
Hello Honey,,hellohoneyicecream@gmail.com,https://www.hellohoneyicecream.com/,"6105 Ridge Ave, Cincinnati, OH 45213",4.7,,Ice Cream Parlors,45001,https://www.hellohoneyicecream.com/,2026-06-08 17:03:37,Missing: phone
Pipers Soft Serve Bar,(859) 291-7287,,http://www.piperssoftservebar.com/,"503 W 6th St, Covington, KY 41011",4.6,,Ice Cream Parlors,45001,http://www.piperssoftservebar.com/,2026-06-08 17:03:47,Missing: email
Santorini Family Restaurant,(513) 662-8080,,http://www.santorinicincy.com/,"3414 Harrison Ave, Cincinnati, OH 45211",4.7,,Dine-in Restaurants,45001,http://www.santorinicincy.com/,2026-06-08 17:04:54,Missing: email
West Shine Family Restaurant,(513) 922-9378,,http://www.westshinerestaurant.com/,"3245 Westbourne Dr, Cincinnati, OH 45248",4.6,,Dine-in Restaurants,45001,http://www.westshinerestaurant.com/,2026-06-08 17:05:02,Missing: email
State Line Restaurant,(812) 537-4558,,http://www.statelinerestaurant.com/,"55 US-50, Lawrenceburg, IN 47025",4.6,,Dine-in Restaurants,45001,http://www.statelinerestaurant.com/,2026-06-08 17:05:45,Missing: email
On The Rocks Bourbon Bar & Restaurant,(513) 771-2080,,https://www.marriott.com/en-us/hotels/cvgde-delta-hotels-cincinnati-sharonville/dining/,"11400 Chester Rd, Cincinnati, OH 45246",4.4,,Dine-in Restaurants,45001,https://www.marriott.com/en-us/hotels/cvgde-delta-hotels-cincinnati-sharonville/dining/,2026-06-08 17:06:08,Missing: email
Sprig & Stone Casual Dining,(888) 582-4253,,https://creationmuseum.org/dining/,"Creation Museum, 2800 Bullittsburg Church Rd, Petersburg, KY 41080",4.3,,Dine-in Restaurants,45001,https://creationmuseum.org/dining/,2026-06-08 17:06:38,Missing: email
Hebron Grille,(859) 586-0473,,https://www.hebrongrilleky.com/,"1960 N Bend Rd, Hebron, KY 41048",4.6,,Dine-in Restaurants,45001,https://www.hebrongrilleky.com/,2026-06-08 17:06:55,Missing: email
SwingLine Madeira,(513) 407-7444,,https://www.swinglinemadeira.com/,"7710 Railroad Ave, Cincinnati, OH 45243",4.6,,Dine-in Restaurants,45001,https://www.swinglinemadeira.com/,2026-06-08 17:07:07,Missing: email
Fable Cafe,,,http://fablecafecincy.com/,"3117 Harrison Ave, Cincinnati, OH 45211",4.8,,Coffee Shops,45001,http://fablecafecincy.com/,2026-06-08 17:07:54,"Missing: phone, email"
Caravel Coffee,(513) 346-8828,,,"3410 Glenmore Ave, Cheviot, OH 45211",4.9,,Coffee Shops,45001,2039391235471415499,2026-06-08 17:08:03,Missing: email
BIGGBY COFFEE,(513) 376-7139,,https://biggby.com/,"10126 Suspension Bridge Rd, Harrison, OH 45030",4.3,,Coffee Shops,45001,https://biggby.com/,2026-06-08 17:08:06,Missing: email
Ludlow Coffee,(859) 341-2928,,http://ludlowkycoffee.com/,"630 Elm St, Ludlow, KY 41016",4.9,,Coffee Shops,45001,http://ludlowkycoffee.com/,2026-06-08 17:08:47,Missing: email
McDonald's,(513) 467-9016,,https://www.mcdonalds.com/us/en-us/location/OH/CINCINNATI/55-KIBBY-DR/18263.html?cid=RF:YXT:GMB::Clicks,"55 Kibby Ln, Cincinnati, OH 45233",3.5,,Coffee Shops,45001,https://www.mcdonalds.com/us/en-us/location/OH/CINCINNATI/55-KIBBY-DR/18263.html?cid=RF:YXT:GMB::Clicks,2026-06-08 17:08:57,Missing: email
Just Love Coffee Cafe - Colerain Township,(513) 818-8077,,https://justlovecoffeecafe.com/oh-cincinnati-colerain-township/,"9894 Colerain Ave, Cincinnati, OH 45251",4.8,,Coffee Shops,45001,https://justlovecoffeecafe.com/oh-cincinnati-colerain-township/,2026-06-08 17:09:19,Missing: email
Kings Arms Coffee Roasters,(513) 429-2300,,http://kingsarmscoffee.com/,"1900 Baymiller St, Cincinnati, OH 45214",4.7,,Coffee Shops,45001,http://kingsarmscoffee.com/,2026-06-08 17:09:34,Missing: email
Luminary by La Terza,(513) 542-2739,,https://www.luminarybylaterza.com/,"6128 Hamilton Ave, Cincinnati, OH 45224",4.6,,Coffee Shops,45001,https://www.luminarybylaterza.com/,2026-06-08 17:09:45,Missing: email
Starbucks,,press@starbucks.com,https://www.starbucks.com/store-locator/store/1016247,"4001 OH-128, Cleves, OH 45002",3.9,,Coffee Shops,45001,https://www.starbucks.com/store-locator/store/1016247,2026-06-08 17:09:55,Missing: phone
Square Mile Coffee Company,,sqmicoffee@gmail.com,https://sites.google.com/view/sqmico/home,"7420 Hamilton Ave, Mt Healthy, OH 45231",4.9,,Coffee Shops,45001,https://sites.google.com/view/sqmico/home,2026-06-08 17:10:01,Missing: phone
Cold Chain Integrity,(800) 447-1535,,http://www.cciwarehouse.com/,"2825 Crescent Springs Pike, Erlanger, KY 41018",4,,Cold Storage Facilities,45001,http://www.cciwarehouse.com/,2026-06-08 17:10:43,Missing: email
Americold Logistics Fairfield,(513) 860-5992,,https://www.americold.com/,"3110 Homeward Way, Fairfield, OH 45014",3.4,,Cold Storage Facilities,45001,https://www.americold.com/,2026-06-08 17:11:00,Missing: email
Silo XL Storage,(513) 353-3355,,http://siloxlstorage.com/,"6720 Kepler Rd, Cleves, OH 45002",4.7,,Cold Storage Facilities,45001,http://siloxlstorage.com/,2026-06-08 17:11:30,Missing: email
BLT Commercial Storage,(513) 731-8362,,,"2174 E Seymour Ave, Cincinnati, OH 45237",,,Cold Storage Facilities,45001,10384979278815637688,2026-06-08 17:11:53,Missing: email
BJ’s Wholesale Club PDC,,,,"10295 Toebben Dr, Independence, KY 41051",3,,Cold Storage Facilities,45001,2233814254441350251,2026-06-08 17:11:56,"Missing: phone, email"
Prestige Storage - Cincinnati,(513) 421-5400,,https://prestigestorage.com/locations/ohio/cincinnati/prestige-storage-cincinnati/,"737 W 6th St, Cincinnati, OH 45203",4.6,,Cold Storage Facilities,45001,https://prestigestorage.com/locations/ohio/cincinnati/prestige-storage-cincinnati/,2026-06-08 17:12:05,Missing: email
Prestige Storage - Fairfield,(513) 829-1509,,https://prestigestorage.com/locations/ohio/fairfield/prestige-storage-fairfield/,"4817 Factory Dr, Fairfield, OH 45014",4.7,,Cold Storage Facilities,45001,https://prestigestorage.com/locations/ohio/fairfield/prestige-storage-fairfield/,2026-06-08 17:12:29,Missing: email
Amazon Returns Center CVG2,,,,"1600 Worldwide Blvd, Hebron, KY 41048",3,,Cold Storage Facilities,45001,3716673092440172086,2026-06-08 17:12:50,"Missing: phone, email"
CubeSmart Self Storage,(513) 999-2007,,https://www.cubesmart.com/ohio-self-storage/cincinnati-self-storage/4535.html?utm_source=google&utm_medium=gmb&utm_campaign=gmb-listings,"6290 Glenway Ave, Cincinnati, OH 45211",4.9,,Cold Storage Facilities,45001,https://www.cubesmart.com/ohio-self-storage/cincinnati-self-storage/4535.html?utm_source=google&utm_medium=gmb&utm_campaign=gmb-listings,2026-06-08 17:12:52,Missing: email
ICON & Company,(513) 353-9090,,http://www.iconcoldstorage.com/,,,,Cold Storage Facilities,45001,http://www.iconcoldstorage.com/,2026-06-08 17:13:28,"Missing: email, address"
Cincinnati Mini-Storage,(513) 456-2001,,http://www.cincinnatiministorage.com/,"3423 Colerain Ave, Cincinnati, OH 45225",4.9,,Cold Storage Facilities,45001,http://www.cincinnatiministorage.com/,2026-06-08 17:13:37,Missing: email
Stehlin's Meat Market,(513) 385-6164,,http://www.stehlinsmeatmarket.com/,"10134 Colerain Ave, Cincinnati, OH 45251",4.7,,Meat & Butcher Shops,45001,http://www.stehlinsmeatmarket.com/,2026-06-08 17:14:36,Missing: email
"The Chop Shop Deer Processing 24/7 Self Serve DROP OFF (Miamitown, OH)",(513) 353-3337,,,"7030 OH-128, Cleves, OH 45002",4.9,,Meat & Butcher Shops,45001,4753304407365538101,2026-06-08 17:14:49,Missing: email
R & R Quality Meats Inc. The Original Caterers,(513) 661-3254,,http://www.randrmeats.com/,"4029 Harrison Ave, Cincinnati, OH 45211",4.8,,Meat & Butcher Shops,45001,http://www.randrmeats.com/,2026-06-08 17:15:03,Missing: email
Mike's Meat Market,,,,"3011 Picwood Dr, Cincinnati, OH 45248",5,,Meat & Butcher Shops,45001,3099898943044764211,2026-06-08 17:15:11,"Missing: phone, email"
Sky Haven Farm,(513) 681-2303,,,"4871 Shepherd Creek Rd, Cincinnati, OH 45223",5,,Meat & Butcher Shops,45001,2461195612011710074,2026-06-08 17:15:25,Missing: email
Eckerlin's Meats,(513) 721-5743,,http://eckerlinmeats.com/,"116 W Elder St, Cincinnati, OH 45202",4.8,,Meat & Butcher Shops,45001,http://eckerlinmeats.com/,2026-06-08 17:15:29,Missing: email
Langen Meats & Fine Wines,(513) 385-3794,,,"5855 Cheviot Rd, Cincinnati, OH 45247",4.8,,Meat & Butcher Shops,45001,11856018937189910659,2026-06-08 17:15:44,Missing: email
Langen Meats,(513) 367-6600,,,"1170 Harrison Ave, Harrison, OH 45030",4.9,,Meat & Butcher Shops,45001,5222280190990975497,2026-06-08 17:15:49,Missing: email
North Side Meat,(513) 681-4111,,https://rymaps.xyz/business/north-side-meat-z26zeo,"2910 Sidney Ave, Cincinnati, OH 45225",4.3,,Meat & Butcher Shops,45001,https://rymaps.xyz/business/north-side-meat-z26zeo,2026-06-08 17:15:52,Missing: email
The Country Meat Co. Marketplace,(513) 715-3663,,http://www.thecountrymeatcomarketplace.com/,"3529 Reading Rd, Cincinnati, OH 45229",4.7,,Meat & Butcher Shops,45001,http://www.thecountrymeatcomarketplace.com/,2026-06-08 17:16:03,Missing: email
Gramer’s Meat and Produce,(859) 727-0019,,,"603 Stevenson Rd, Erlanger, KY 41018",4.2,,Meat & Butcher Shops,45001,8796783091722872841,2026-06-08 17:16:28,Missing: email
Findlay Kitchen,,findlaykitchen@findlaymarket.org,https://findlaykitchen.org/,"1719 Elm St, Cincinnati, OH 45202",4.8,,Catering Kitchens,45001,https://findlaykitchen.org/,2026-06-08 17:21:47,Missing: phone
Kickstart Kitchen,(859) 250-0881,,,"1032 Madison Ave, Covington, KY 41011",3,,Catering Kitchens,45001,11446321989892328215,2026-06-08 17:21:51,Missing: email
Soleil Kitchen,,,https://soleilkitchen.com/,"1719 Elm St, Cincinnati, OH 45202",5,,Catering Kitchens,45001,https://soleilkitchen.com/,2026-06-08 17:21:54,"Missing: phone, email"
Kate's Catering & Personal Chef Services,(859) 916-5910,,http://katescatering.co/,"702 6th Ave, Dayton, KY 41074",4.9,,Catering Kitchens,45001,http://katescatering.co/,2026-06-08 17:22:15,Missing: email
Essential Commissary,(513) 623-5204,,https://www.essentialcommissary.com/contact,"607 Shepherd Dr, Cincinnati, OH 45215",5,,Catering Kitchens,45001,https://www.essentialcommissary.com/contact,2026-06-08 17:22:27,Missing: email
Be Creative Catering,(859) 586-4201,,http://www.becreativecatering.com/,"1928 Petersburg Rd, Hebron, KY 41048",4.9,,Catering Kitchens,45001,http://www.becreativecatering.com/,2026-06-08 17:23:00,Missing: email
the galley commercial kitchen and meeting space,(812) 212-1086,,https://www.thegalleybatesville.com/,"16 E Boehringer St, Batesville, IN 47006",,,Catering Kitchens,45001,https://www.thegalleybatesville.com/,2026-06-08 17:23:58,Missing: email
SheDiZa's Kitchen LLC,(912) 336-5249,Queenaspeaks@gmail.com,,,5,,Catering Kitchens,45001,1744134139828694658,2026-06-08 17:24:07,Missing: address
Hampton Inn Suites Cincinnati West,(513) 538-6606,,https://www.hilton.com/en/hotels/lukbshx-hampton-suites-cincinnati-west/,"6336 Harrison Ave, Cincinnati, OH 45247",4,,Hotels & Motels,45001,https://www.hilton.com/en/hotels/lukbshx-hampton-suites-cincinnati-west/,2026-06-08 17:24:50,Missing: email
Miami Motel,(513) 429-2251,,,"109 N Miami Ave, Cleves, OH 45002",2.9,,Hotels & Motels,45001,1968836841876346077,2026-06-08 17:25:19,Missing: email
Comfort Inn & Suites Lawrenceburg,(812) 539-3600,,https://www.choicehotels.com/indiana/lawrenceburg/comfort-inn-hotels/in171?mc=llgoxxpx,"1610 Flossie Dr, Lawrenceburg, IN 47025",4.2,,Hotels & Motels,45001,https://www.choicehotels.com/indiana/lawrenceburg/comfort-inn-hotels/in171?mc=llgoxxpx,2026-06-08 17:25:21,Missing: email
Lookout Motel,(859) 431-5141,,,"1700 Dixie Hwy, Fort Wright, KY 41011",2.6,,Hotels & Motels,45001,8200439755514049874,2026-06-08 17:25:56,Missing: email
Red Roof Inn Cincinnati Airport-Florence/ Erlanger,(859) 342-7111,,https://www.redroof.com/property/ky/erlanger/RRI782?utm_source=GMB&utm_medium=Google&utm_campaign=GMB_Performance_RRI782,"599 Donaldson Hwy, Erlanger, KY 41018",3.3,,Hotels & Motels,45001,https://www.redroof.com/property/ky/erlanger/RRI782?utm_source=GMB&utm_medium=Google&utm_campaign=GMB_Performance_RRI782,2026-06-08 17:26:03,Missing: email
Motel Deluxe,(513) 367-5353,,,"10073 Harrison Ave, Harrison, OH 45030",3.4,,Hotels & Motels,45001,7653980731942500549,2026-06-08 17:27:12,Missing: email
Quality Inn & Suites Lawrenceburg,(812) 221-1018,,https://www.choicehotels.com/indiana/lawrenceburg/quality-inn-hotels/in492?mc=llgoxxpx,"765 E Eads Pkwy, Lawrenceburg, IN 47025",3.3,,Hotels & Motels,45001,https://www.choicehotels.com/indiana/lawrenceburg/quality-inn-hotels/in492?mc=llgoxxpx,2026-06-08 17:27:28,Missing: email
Gateway Lodge Motel,(513) 242-2593,,,"4453 Reading Rd, Cincinnati, OH 45229",3.3,,Hotels & Motels,45001,2144081581760732490,2026-06-08 17:28:02,Missing: email
Quality Inn & Suites CVG Airport,(859) 279-2283,,https://www.choicehotels.com/kentucky/erlanger/quality-inn-hotels/ky145?mc=llgoxxpx,"1805 Airport Exchange Blvd, Erlanger, KY 41018",3.6,,Hotels & Motels,45001,https://www.choicehotels.com/kentucky/erlanger/quality-inn-hotels/ky145?mc=llgoxxpx,2026-06-08 17:28:45,Missing: email
"HomeTowne Studios Florence, KY - Cincinnati Airport",(859) 283-2030,,https://www.redroof.com/extendedstay/hometownestudios/property/ky/florence/hts1360?utm_source=GMB&utm_medium=Google&utm_campaign=GMB_Performance_hts1360,"7810 Commerce Dr, Florence, KY 41042",4.5,,Hotels & Motels,45001,https://www.redroof.com/extendedstay/hometownestudios/property/ky/florence/hts1360?utm_source=GMB&utm_medium=Google&utm_campaign=GMB_Performance_hts1360,2026-06-08 17:29:22,Missing: email
13 Below Brewery,(513) 975-0613,,http://13belowbrewery.com/,"7391 Forbes Rd, Cincinnati, OH 45233",4.6,,Breweries/Distilleries,45001,http://13belowbrewery.com/,2026-06-08 17:30:47,Missing: email
Brain Brew Distillery,(513) 271-9911,,http://brainbrewwhiskey.com/,"3849 Edwards Rd, Newtown, OH 45244",4.8,,Breweries/Distilleries,45001,http://brainbrewwhiskey.com/,2026-06-08 17:30:58,Missing: email
Willow Run Custom Bourbon Experiences,(513) 721-2687,,https://willowrunbourbon.com/,"645 Walnut St, Cincinnati, OH 45202",4.9,,Breweries/Distilleries,45001,https://willowrunbourbon.com/,2026-06-08 17:31:14,Missing: email
Boone County Distilling Co & Event Center,(859) 282-6545,,https://boonedistilling.com/,"10601 Toebben Dr, Independence, KY 41051",4.9,,Breweries/Distilleries,45001,https://boonedistilling.com/,2026-06-08 17:31:24,Missing: email
Northside Distilling Co.,(513) 760-9611,,https://www.northsidedistilling.com/,"922 Race St, Cincinnati, OH 45202",4.8,,Breweries/Distilleries,45001,https://www.northsidedistilling.com/,2026-06-08 17:31:36,Missing: email
Fabled Brew Works,(859) 727-2337,,http://fabledbrewworks.beer/,"331 Kenton Lands Rd Suite 300, Erlanger, KY 41018",4.9,,Breweries/Distilleries,45001,http://fabledbrewworks.beer/,2026-06-08 17:32:09,Missing: email
Hearth Brewing,,thehearth@hearthbrewing.com,https://www.hearthbrewing.com/,"1195 Stone Dr, Harrison, OH 45030",4.6,,Breweries/Distilleries,45001,https://www.hearthbrewing.com/,2026-06-08 17:32:25,Missing: phone
Braxton Factory 52,(513) 918-4804,,https://braxtonbrewing.com/pages/braxton-factory-52,"4600 Beech St Suites 100 & 300, Norwood, OH 45212",4.7,,Breweries/Distilleries,45001,https://braxtonbrewing.com/pages/braxton-factory-52,2026-06-08 17:32:28,Missing: email
Cincinnati Distilling,(513) 378-5580,,http://cincinnatidistilling.com/,"203 Mill St, Milford, OH 45150",4.2,,Breweries/Distilleries,45001,http://cincinnatidistilling.com/,2026-06-08 17:32:36,Missing: email
Ross & Squibb Distillery,(913) 367-1480,,https://rossandsquibb.com/,"652 Shipping St, Lawrenceburg, IN 47025",3.8,,Breweries/Distilleries,45001,https://rossandsquibb.com/,2026-06-08 17:32:53,Missing: email
Second Sight Spirits,(859) 488-7866,,http://www.secondsightspirits.com/,"301 Elm St, Ludlow, KY 41016",5,,Breweries/Distilleries,45001,http://www.secondsightspirits.com/,2026-06-08 17:33:29,Missing: email
Dairy Mart,(513) 793-6233,,,"7210 Plainfield Rd, Cincinnati, OH 45236",2.6,,Dairy Shops,45001,13401373263661753814,2026-06-08 17:33:54,Missing: email
Mt. Healthy Dairy Bar,(513) 522-1288,,https://www.mthealthydairybar.com/,"7840 Hamilton Ave, Cincinnati, OH 45231",4.7,,Dairy Shops,45001,https://www.mthealthydairybar.com/,2026-06-08 17:34:16,Missing: email
Maverick Chocolate Co.,(513) 381-0561,,http://maverickchocolate.com/,"129 W Elder St, Cincinnati, OH 45202",4.8,,Candy/Chocolate Factories,45001,http://maverickchocolate.com/,2026-06-08 17:56:07,Missing: email
Doscher's Candies & Coffee House,(513) 381-8656,,http://doscherscandies.com/,"6926 Main St, Cincinnati, OH 45244",4.7,,Candy/Chocolate Factories,45001,http://doscherscandies.com/,2026-06-08 17:56:28,Missing: email
"Haute Chocolate, Inc.",(513) 793-9999,,http://www.haute-chocolate.com/,"9424 Shelly Ln, Cincinnati, OH 45242",4.9,,Candy/Chocolate Factories,45001,http://www.haute-chocolate.com/,2026-06-08 17:56:37,Missing: email
Friesinger's Fine Chocolates,(937) 743-4377,,http://www.friesingers.com/,"45 N Pioneer Blvd, Springboro, OH 45066",4.9,,Candy/Chocolate Factories,45001,http://www.friesingers.com/,2026-06-08 17:56:46,Missing: email
South Bend Chocolate Factory & Tours,,,https://www.indianadinosaurmuseum.org/chocolate-company/,"7102 Lincolnway W Hwy, South Bend, IN 46628",3.7,,Candy/Chocolate Factories,45001,https://www.indianadinosaurmuseum.org/chocolate-company/,2026-06-08 17:57:01,"Missing: phone, email"
Lindt Chocolate Shop,(513) 539-8339,,https://www.lindtusa.com/stores,"801 Premium Outlets Dr Space 801, Monroe, OH 45050",4.6,,Candy/Chocolate Factories,45001,https://www.lindtusa.com/stores,2026-06-08 17:58:15,Missing: email
Dairy Mart,(513) 793-6233,,,"7210 Plainfield Rd, Cincinnati, OH 45236",2.6,,Dairy Shops,45001,13401373263661753814,2026-06-08 18:11:09,Missing: email
Mt. Healthy Dairy Bar,(513) 522-1288,,https://www.mthealthydairybar.com/,"7840 Hamilton Ave, Cincinnati, OH 45231",4.7,,Dairy Shops,45001,https://www.mthealthydairybar.com/,2026-06-08 18:11:44,Missing: email
Walt Sweeney's Harrison Ave Auto Center,(877) 300-3930,,http://www.waltsweeney.com/,"6315 Harrison Ave, Cincinnati, OH 45248",4,,Car Dealerships,45001,http://www.waltsweeney.com/,2026-06-08 18:16:11,Missing: email
Walt Sweeney Ford,(513) 776-3742,jdoe@waltsweeney.com,https://www.waltsweeney.com/?utm_source=google_profile&utm_medium=organic&utm_campaign=main_website,"5400 Glenway Ave, Cincinnati, OH 45238",4.5,,Car Dealerships,45001,https://www.waltsweeney.com/?utm_source=google_profile&utm_medium=organic&utm_campaign=main_website,2026-06-08 18:16:19,Bouncer rejected email (undeliverable): jdoe@waltsweeney.com
Tom Gill Chevrolet,(859) 568-3214,,https://www.tomgillchevrolet.com/?utm_source=Google+Business+Profile&utm_medium=GBP+Button&utm_campaign=GBP+Button,"7830 Commerce Dr, Florence, KY 41042",4.7,,Car Dealerships,45001,https://www.tomgillchevrolet.com/?utm_source=Google+Business+Profile&utm_medium=GBP+Button&utm_campaign=GBP+Button,2026-06-08 18:16:39,Missing: email
Jake Sweeney Used Car Superstore,(513) 782-0000,,https://www.sweeneyusedcars.com/?utm_source=GBP&utm_medium=organic&utm_campaign=confluence,"11521 Princeton Pike, Cincinnati, OH 45246",4.8,,Car Dealerships,45001,https://www.sweeneyusedcars.com/?utm_source=GBP&utm_medium=organic&utm_campaign=confluence,2026-06-08 18:16:48,Missing: email
"Jeff Wyler Chrysler Dodge Jeep RAM of Lawrenceburg, IN",(812) 537-2525,,https://www.jeffwylerlawrenceburg.com/?utm_source=google&utm_medium=organic&utm_campaign=gbp_main,"875 E Eads Pkwy, Lawrenceburg, IN 47025",4.5,,Car Dealerships,45001,https://www.jeffwylerlawrenceburg.com/?utm_source=google&utm_medium=organic&utm_campaign=gbp_main,2026-06-08 18:16:57,Missing: email
Michael J Auto Sales,(513) 353-1067,,https://michaeljautosales.com/,"4885 E Miami River Rd, Cleves, OH 45002",2.7,,Car Dealerships,45001,https://michaeljautosales.com/,2026-06-08 18:17:13,Missing: email
Zimmer Chrysler Dodge Jeep Ram,(859) 525-1344,last@zimmermotor.com,https://www.zimmermotor.com/?utm_medium=organic&utm_source=GMBlisting&utm_campaign=chryslerdodgejeepramsales,"1086 Burlington Pike, Florence, KY 41042",4.4,,Car Dealerships,45001,https://www.zimmermotor.com/?utm_medium=organic&utm_source=GMBlisting&utm_campaign=chryslerdodgejeepramsales,2026-06-08 18:17:24,Bouncer rejected email (undeliverable): last@zimmermotor.com
Kelsey Chevrolet,(812) 537-1416,,http://www.kelseychev.com/?utm_source=google&utm_medium=organic&utm_campaign=GMB,"1105 E Eads Pkwy, Greendale, IN 47025",4.3,,Car Dealerships,45001,http://www.kelseychev.com/?utm_source=google&utm_medium=organic&utm_campaign=GMB,2026-06-08 18:17:37,Missing: email
Cincy AutoMall,(513) 717-1111,,http://cincyautomall.com/,"5300 Dixie Hwy, Fairfield, OH 45014",4,,Car Dealerships,45001,http://cincyautomall.com/,2026-06-08 18:17:44,Missing: email
Northgate Chrysler Dodge Jeep Ram,(513) 866-2539,,https://www.northgatechryslerdodgejeep.net/?utm_source=gbp&utm_medium=organic&utm_campaign=website_link&utm_content=website_button,"8536 Colerain Ave, Cincinnati, OH 45251",4.6,,Car Dealerships,45001,https://www.northgatechryslerdodgejeep.net/?utm_source=gbp&utm_medium=organic&utm_campaign=website_link&utm_content=website_button,2026-06-08 18:18:07,Missing: email
Enterprise Car Sales,(859) 439-2135,,https://www.enterprisecarsales.com/location/38L7/Enterprise_Car_Sales_Erlanger/?CUR=Local_Campaign&mcid=iyp:24489698,"615 Rodeo Dr, Erlanger, KY 41018",4.9,,Car Dealerships,45001,https://www.enterprisecarsales.com/location/38L7/Enterprise_Car_Sales_Erlanger/?CUR=Local_Campaign&mcid=iyp:24489698,2026-06-08 18:19:00,Missing: email
Cronin Chevrolet,(812) 220-4312,,https://www.croninchevrolet.com/?utm_source=gbp&utm_medium=organic&utm_campaign=website_link,"1582 Harrison Brookville Rd, West Harrison, IN 47060",4.5,,Car Dealerships,45001,https://www.croninchevrolet.com/?utm_source=gbp&utm_medium=organic&utm_campaign=website_link,2026-06-08 18:19:16,Missing: email
D1 Training Northern Kentucky,(859) 904-5445,,https://www.d1training.com/northern-kentucky/,"1952 N Bend Rd, Hebron, KY 41048",5,,Fitness Centers/Gyms,45001,https://www.d1training.com/northern-kentucky/,2026-06-08 18:27:08,Missing: email
Vine Fitness,(513) 800-0260,,http://www.thevinefitness.com/,"441 Vine St, Cincinnati, OH 45202",4.9,,Fitness Centers/Gyms,45001,http://www.thevinefitness.com/,2026-06-08 18:27:49,Missing: email
Jazzercise Cincinnati Delhi,(513) 404-6696,,http://jcls.jazzercise.com/facility/jazzercise-delhi-fitness-center,"6109 Cleves Warsaw Pike, Cincinnati, OH 45233",4.7,,Fitness Centers/Gyms,45001,http://jcls.jazzercise.com/facility/jazzercise-delhi-fitness-center,2026-06-08 18:28:14,Missing: email
CrossFit On the River,(513) 833-9599,,https://www.crossfitotr.com/,"5255 OH-128, Cleves, OH 45002",4.6,,Fitness Centers/Gyms,45001,https://www.crossfitotr.com/,2026-06-08 18:29:01,Missing: email
Spotless Car Wash & Coin Laundromat,,,,"18 Main St, Addyston, OH 45001",3.3,,Laundromats,45001,2108782791662768543,2026-06-08 19:18:21,"Missing: phone, email"
Sayler park laundromat,,,,"6593 Gracely Dr, Cincinnati, OH 45233",3.6,,Laundromats,45001,16269229706227214656,2026-06-08 19:18:24,"Missing: phone, email"
Laundromax,(513) 877-6092,cai-ops@adobe.com0,https://laundromax.com/stores/702oh/,"5349 Glenway Ave, Cincinnati, OH 45238",4.9,,Laundromats,45001,https://laundromax.com/stores/702oh/,2026-06-08 19:18:27,Bouncer rejected email (undeliverable): cai-ops@adobe.com0
City Limits 24 Hour Laundry,(513) 922-1966,,http://citylimitslaundry.com/,"5262 Crookshank Rd, Cincinnati, OH 45238",4,,Laundromats,45001,http://citylimitslaundry.com/,2026-06-08 19:18:35,Missing: email
Speedy Wash Coin Laundry Westside,(513) 661-4101,,http://speedywashcoinlaundry.com/,"4101 N Bend Rd, Cheviot, OH 45211",4.2,,Laundromats,45001,http://speedywashcoinlaundry.com/,2026-06-08 19:18:50,Missing: email
Shamrock Coin Laundry & Wash and Fold,(513) 921-9525,,https://shamrockcoinlaundry.com/,"4503 W 8th St, Cincinnati, OH 45238",4.6,,Laundromats,45001,https://shamrockcoinlaundry.com/,2026-06-08 19:18:58,Missing: email
Bright Coin Laundry,(812) 637-2444,,http://www.brightcoinlaundry.com/,"24049 State Line Rd, Lawrenceburg, IN 47025",4.8,,Laundromats,45001,http://www.brightcoinlaundry.com/,2026-06-08 19:19:23,Missing: email
Spotless Car Wash & Laundry,,,,"5328 Foley Rd, Cincinnati, OH 45238",3.2,,Laundromats,45001,11035219485691223633,2026-06-08 19:19:35,"Missing: phone, email"
Miamitown Coin Laundry,(513) 678-0478,,,"7699 Harrison Ave, Cleves, OH 45002",4.1,,Laundromats,45001,15337628210164750066,2026-06-08 19:19:49,Missing: email
Price Hill Washland,(513) 251-7500,,,"3783 Warsaw Ave, Cincinnati, OH 45205",3.8,,Laundromats,45001,7778470913841146623,2026-06-08 19:19:51,Missing: email
Speedy Wash Coin Laundry Florence,(859) 525-4002,,http://speedywashcoinlaundry.com/,"7628 Burlington Pike, Florence, KY 41042",4.2,,Laundromats,45001,http://speedywashcoinlaundry.com/,2026-06-08 19:20:07,Missing: email
Super Laundry,(513) 481-9595,,https://www.superlaundry24.com/locations,"2455 Harrison Ave, Cincinnati, OH 45211",3.9,,Laundromats,45001,https://www.superlaundry24.com/locations,2026-06-08 19:20:16,Missing: email
City Limits Laundry,(513) 385-9293,,http://citylimitslaundry.com/,"2650 Kipling Ave, Cincinnati, OH 45239",3.9,,Laundromats,45001,http://citylimitslaundry.com/,2026-06-08 19:20:28,Missing: email
All American Laundry,(812) 221-0425,,https://auroraallamericanlaundry.com/,"424 3rd St, Aurora, IN 47001",4.7,,Laundromats,45001,https://auroraallamericanlaundry.com/,2026-06-08 19:20:36,Missing: email
City Limits 24 Hour Laundry,(513) 751-6999,,http://citylimitslaundry.com/,"50 W Nixon St, Cincinnati, OH 45220",4,,Laundromats,45001,http://citylimitslaundry.com/,2026-06-08 19:20:56,Missing: email
Steele's Laundromat,,,,"203 Front St, Lawrenceburg, IN 47025",3.8,,Laundromats,45001,6211858747521210975,2026-06-08 19:21:03,"Missing: phone, email"
Print Craft,(513) 931-6828,,,"8045 Colerain Ave, Cincinnati, OH 45239",5,,Printing Presses,45001,5387613808688347795,2026-06-08 19:28:01,Missing: email
Curative Printing,(513) 241-7000,john@curativegroup.com,https://curativeprinting.com/,"1025 Dalton Ave, Cincinnati, OH 45203",5,,Printing Presses,45001,https://curativeprinting.com/,2026-06-08 19:29:02,Bouncer rejected email (undeliverable): john@curativegroup.com
Minuteman Press Downtown,(513) 721-1660,,http://oh247.minuteman.com/,"215 E 9th St #7, Cincinnati, OH 45202",4.5,,Printing Presses,45001,http://oh247.minuteman.com/,2026-06-08 19:29:52,Missing: email
ASAP Custom Prints & Apparel,(513) 250-0363,,https://www.asapcustomprints.com/,"4165 Harrison Ave, Cincinnati, OH 45211",5,,Printing Presses,45001,https://www.asapcustomprints.com/,2026-06-08 19:30:26,Missing: email
Master Print Center,(513) 661-1818,,,"3325 Harrison Ave, Cincinnati, OH 45211",4.3,,Photocopy/Service Centers,45001,17969223450939174794,2026-06-08 19:31:32,Missing: email
GotPrint - Kentucky,(877) 922-7374,,https://www.gotprint.com/,"2000 Arbor Tech Dr, Hebron, KY 41048",2.8,,Photocopy/Service Centers,45001,https://www.gotprint.com/,2026-06-08 19:32:43,Missing: email
Dollar General,(513) 828-0531,,https://www.dollargeneral.com/store-directory/oh/north-bend/10994,"280 Three Rivers Pkwy, North Bend, OH 45052",3.8,,Photocopy/Service Centers,45001,https://www.dollargeneral.com/store-directory/oh/north-bend/10994,2026-06-08 19:33:09,Missing: email
Robin Imaging Services,(513) 381-5116,,http://www.robinimaging.com/,"2111 Kindel Ave, Cincinnati, OH 45214",4.6,,Photocopy/Service Centers,45001,http://www.robinimaging.com/,2026-06-08 19:34:02,Missing: email
Eastern Engineering Supply,(859) 261-1851,,,"434 Scott St, Covington, KY 41011",4.7,,Photocopy/Service Centers,45001,13168172979077882615,2026-06-08 19:34:24,Missing: email
Office Depot Print & Copy Services,(513) 824-8578,,https://www.officedepot.com/storelocator/oh/springdale/office-depot-2479/print-services/?utm_source=google&utm_medium=organic&utm_campaign=gmb_2479_website_print,"11711 Princeton Pike, Springdale, OH 45246",3.3,,Photocopy/Service Centers,45001,https://www.officedepot.com/storelocator/oh/springdale/office-depot-2479/print-services/?utm_source=google&utm_medium=organic&utm_campaign=gmb_2479_website_print,2026-06-08 19:34:41,Missing: email
Day's Miami Heights Pharmacy,(513) 941-4011,,http://www.dayspharmacy.com/,"7567 Bridgetown Rd, Cincinnati, OH 45248",4.8,,Pharmacies,45001,http://www.dayspharmacy.com/,2026-06-08 19:35:49,Missing: email
Brossart Pharmacy,(513) 941-0428,,https://brossartpharmacy.com/,"45 S Miami Ave, Cleves, OH 45002",4.8,,Pharmacies,45001,https://brossartpharmacy.com/,2026-06-08 19:36:00,Missing: email
Rohe Pharmacy Inc,(513) 661-0480,,,"4047 Harrison Ave, Cincinnati, OH 45211",4.9,,Pharmacies,45001,12491756680689234756,2026-06-08 19:36:59,Missing: email
Harrison Pharmacy & Wellness,(513) 202-9600,,http://www.harrisonwellness.com/,"620 Ring Rd, Harrison, OH 45030",4.5,,Pharmacies,45001,http://www.harrisonwellness.com/,2026-06-08 19:38:40,Missing: email
Sam's Club Pharmacy,(513) 661-8630,,https://www.samsclub.com/club/6450-cincinnati-oh/pharmacy,"5375 N Bend Rd, Cincinnati, OH 45247",4.9,,Pharmacies,45001,https://www.samsclub.com/club/6450-cincinnati-oh/pharmacy,2026-06-08 19:39:34,Missing: email
Walmart Pharmacy,(513) 922-8441,,https://www.walmart.com/store/2447-cincinnati-oh/pharmacy/?veh=seo_loc,"2322 Ferguson Rd, Cincinnati, OH 45238",4,,Pharmacies,45001,https://www.walmart.com/store/2447-cincinnati-oh/pharmacy/?veh=seo_loc,2026-06-08 19:39:54,Missing: email
Rustic Happiness,(513) 467-0248,,https://www.facebook.com/Rustic-Happiness-106856861909763,"133 S Miami Ave, Cleves, OH 45002",5,,Clothing Boutiques,45001,https://www.facebook.com/Rustic-Happiness-106856861909763,2026-06-08 19:43:49,Missing: email
Shop Charbon,(513) 368-7185,,,"5671 Rapid Run Rd, Cincinnati, OH 45238",4.7,,Clothing Boutiques,45001,18369793158680416941,2026-06-08 19:44:02,Missing: email
Perfect Little Peach Boutique,(513) 978-0007,,http://perfectlittlepeach.com/,"3024 Harrison Ave, Cincinnati, OH 45211",4.9,,Clothing Boutiques,45001,http://perfectlittlepeach.com/,2026-06-08 19:44:16,Missing: email
Clockwork Clothing,(513) 973-8270,,https://clock-work.us/,"5729 Glenway Ave c, Cincinnati, OH 45238",5,,Clothing Boutiques,45001,https://clock-work.us/,2026-06-08 19:44:33,Missing: email
"Urban Luxe | Women's Curated Clothing Store | Cincinnati, Ohio",,,http://urbanxxluxe.com/,"1515 Vine St, Cincinnati, OH 45202",5,,Clothing Boutiques,45001,http://urbanxxluxe.com/,2026-06-08 19:44:57,Missing: email
Farrah Ann's Boutique,,,http://www.farrahannsboutique.com/,"401 W Eads Pkwy #270, Lawrenceburg, IN 47025",4.9,,Clothing Boutiques,45001,http://www.farrahannsboutique.com/,2026-06-08 19:45:07,Missing: email
Lavish Fashions Boutique and Spa,(513) 510-5544,,http://www.lavishfashions.bigcartel.com/,"5556 Colerain Ave, Cincinnati, OH 45239",4.7,,Clothing Boutiques,45001,http://www.lavishfashions.bigcartel.com/,2026-06-08 19:45:43,Missing: email
Leeli + Lou,(513) 630-2323,,,"2732 Erie Ave, Cincinnati, OH 45208",4.7,,Clothing Boutiques,45001,9379096327210495321,2026-06-08 19:45:54,Missing: email
Idlewild Boutique,(513) 381-4059,,http://idlewildotr.com/,"1230 Vine St, Cincinnati, OH 45202",4.8,,Clothing Boutiques,45001,http://idlewildotr.com/,2026-06-08 19:46:07,Missing: email
Boutique Cala,(513) 407-2711,boutiquecalahomeandfashion@gmail.com,http://www.boutiquecala.com/,"1321 Vine St Storefront, Cincinnati, OH 45202",5,,Clothing Boutiques,45001,http://www.boutiquecala.com/,2026-06-08 19:46:23,Bouncer API failed (HTTP 402): boutiquecalahomeandfashion@gmail.com
ChoZen 4 U Boutique,(513) 466-1656,bycar@fuse.net,https://cincinnatiboutique.com/,"5822 Hamilton Ave #36, Cincinnati, OH 45224",5,,Clothing Boutiques,45001,https://cincinnatiboutique.com/,2026-06-08 19:46:30,Bouncer API failed (HTTP 402): bycar@fuse.net
soHza sister boutique,(859) 380-8388,shopnrboutique@gmail.com,http://www.sohzasister.com/,"124 W Pike St, Covington, KY 41011",5,,Clothing Boutiques,45001,http://www.sohzasister.com/,2026-06-08 19:46:39,Bouncer API failed (HTTP 402): shopnrboutique@gmail.com
Bob's Discount Furniture and Mattress Store,(859) 657-1734,,https://www.mybobs.com/store/ohio/colerain?utm_medium=local&utm_source=maps&utm_campaign=Yext&utm_term=kentucky&utm_content=florence,"7601 Mall Rd, Florence, KY 41042",4.7,,Furniture Stores,45001,https://www.mybobs.com/store/ohio/colerain?utm_medium=local&utm_source=maps&utm_campaign=Yext&utm_term=kentucky&utm_content=florence,2026-06-08 20:50:33,Missing: email
Cincinnati Overstock Warehouse,(888) 822-4033,,https://cincinnatioverstockwarehouse.com/?utm_source=Organic&utm_medium=Organic&utm_campaign=GMB,"51 Spiral Dr, Florence, KY 41042",4.3,,Furniture Stores,45001,https://cincinnatioverstockwarehouse.com/?utm_source=Organic&utm_medium=Organic&utm_campaign=GMB,2026-06-08 20:50:57,Missing: email
Home Furniture Co.,(812) 537-0610,,http://homefurnitureindiana.com/,"Highway 50, 557 W Eads Pkwy, Lawrenceburg, IN 47025",4.9,,Furniture Stores,45001,http://homefurnitureindiana.com/,2026-06-08 20:51:04,Missing: email
Ashley Store + Outlet,(513) 245-5700,,https://stores.ashleyfurniture.com/store/us/ohio/cincinnati/9450-colerain-ave/?cmpid=ls-&utm_source=Local&utm_medium=LocalSEO&utm_campaign=LocalSearch,"9450 Colerain Ave, Cincinnati, OH 45251",4.3,,Furniture Stores,45001,https://stores.ashleyfurniture.com/store/us/ohio/cincinnati/9450-colerain-ave/?cmpid=ls-&utm_source=Local&utm_medium=LocalSEO&utm_campaign=LocalSearch,2026-06-08 20:51:14,Missing: email
Bob's Discount Furniture and Mattress Store,(513) 866-4531,,https://www.mybobs.com/store/ohio/dayton?utm_medium=local&utm_source=maps&utm_campaign=Yext&utm_term=ohio&utm_content=cincinnati,"Stone Creek Town Center, 9959 Colerain Ave, Cincinnati, OH 45251",4.6,,Furniture Stores,45001,https://www.mybobs.com/store/ohio/dayton?utm_medium=local&utm_source=maps&utm_campaign=Yext&utm_term=ohio&utm_content=cincinnati,2026-06-08 20:51:36,Missing: email
Furniture Zone,(859) 331-1900,,https://www.facebook.com/Furniture859Zone,"3155 Dixie Hwy, Erlanger, KY 41018",4.9,,Furniture Stores,45001,https://www.facebook.com/Furniture859Zone,2026-06-08 20:51:54,Missing: email
Midwest Furniture Outlet,(513) 541-2343,,,"4017 Hamilton Ave, Cincinnati, OH 45223",4,,Furniture Stores,45001,6468832622981512468,2026-06-08 20:52:08,Missing: email
Ashley Store,(859) 282-5500,,https://stores.ashleyfurniture.com/store/us/kentucky/florence/8040-burlington-pike/?cmpid=ls-&utm_source=Local&utm_medium=LocalSEO&utm_campaign=LocalSearch,"8040 Burlington Pike, Florence, KY 41042",4.4,,Furniture Stores,45001,https://stores.ashleyfurniture.com/store/us/kentucky/florence/8040-burlington-pike/?cmpid=ls-&utm_source=Local&utm_medium=LocalSEO&utm_campaign=LocalSearch,2026-06-08 20:52:11,Missing: email
Quality Discount Furniture,(513) 802-5616,,,"8439 Colerain Ave, Cincinnati, OH 45239",4.2,,Furniture Stores,45001,2542202083821343857,2026-06-08 20:52:32,Missing: email
"Revive Salon, Spa, & Boutique",(513) 620-8750,,http://revivesaloncincinnati.com/,"7024 Harrison Avenue Suite 1 & 3, 7024 Harrison Ave #3, Cincinnati, OH 45247",4.9,,Beauty Salons/Spas,45001,http://revivesaloncincinnati.com/,2026-06-08 20:53:53,Missing: email
Bloom & Balance Salon and Spa,,,,"7569 Bridgetown Rd, Cincinnati, OH 45248",,,Beauty Salons/Spas,45001,13393653708407875228,2026-06-08 20:54:29,Missing: email
KOALD Beauty Spa,(513) 633-2842,,http://www.koaldbeautyspa.com/,"3553 Springdale Rd, Cincinnati, OH 45251",5,,Beauty Salons/Spas,45001,http://www.koaldbeautyspa.com/,2026-06-08 20:54:31,Missing: email
A Touch of Heaven,(513) 353-2500,,http://www.atouchofheaven.info/,"6766 Hamilton Cleves Rd, Miamitown, OH 45041",4.5,,Beauty Salons/Spas,45001,http://www.atouchofheaven.info/,2026-06-08 20:54:43,Missing: email
Evolution Salon,(513) 598-9378,,,"3985 Race Rd UNIT 1, Cincinnati, OH 45211",4.8,,Beauty Salons/Spas,45001,14293262204444617876,2026-06-08 20:55:44,Missing: email
Embellish Salon & Spa,(513) 347-0555,example@mail.com,http://experienceembellish.com/,"5319 Foley Rd, Cincinnati, OH 45238",4.5,,Beauty Salons/Spas,45001,http://experienceembellish.com/,2026-06-08 20:55:56,Bouncer rejected email (undeliverable): example@mail.com
Merrilees Hardware & Supply,(513) 941-0090,,https://www.doitbest.com/merrilees-hardware-and-supply/,"25 S Miami Ave, Cleves, OH 45002",4.6,,Hardware Stores,45001,https://www.doitbest.com/merrilees-hardware-and-supply/,2026-06-08 20:57:02,Missing: email
Harbor Freight,(513) 598-4897,,https://www.harborfreight.com/storelocator/5710-harrison-ave-cincinnati-45248?number=122,"5710 Harrison Ave, Cincinnati, OH 45248",4.4,,Hardware Stores,45001,https://www.harborfreight.com/storelocator/5710-harrison-ave-cincinnati-45248?number=122,2026-06-08 20:57:25,Missing: email
McCabe Do it Center,(513) 451-3700,,https://www.doitbest.com/mccabe-do-it-center/,"5267 Delhi Rd, Cincinnati, OH 45238",4.2,,Hardware Stores,45001,https://www.doitbest.com/mccabe-do-it-center/,2026-06-08 20:57:43,Missing: email
Meyer Hardware,(513) 921-0876,last@meyerace.com,http://www.facebook.com/pricehillhardware,"3539 Warsaw Ave # 1, Cincinnati, OH 45205",4.2,,Hardware Stores,45001,http://www.facebook.com/pricehillhardware,2026-06-08 20:57:54,Bouncer rejected email (undeliverable): last@meyerace.com
Crescent Springs Hardware,(859) 341-0800,,https://crescentspringshardware.com/,"2460 Anderson Rd, Crescent Springs, KY 41017",4.8,,Hardware Stores,45001,https://crescentspringshardware.com/,2026-06-08 20:58:09,Missing: email
Camp Washington Hardware,(513) 541-4406,,,"2915 Colerain Ave, Cincinnati, OH 45225",4.7,,Hardware Stores,45001,1588395643362950229,2026-06-08 20:58:27,Missing: email
Woods Hardware,(513) 241-2759,jane.doe@woodshardwarestore.com,https://stores.truevalue.com/oh/cincinnati/22457/,"125 E 9th St, Cincinnati, OH 45202",4.8,,Hardware Stores,45001,https://stores.truevalue.com/oh/cincinnati/22457/,2026-06-08 20:59:14,Bouncer rejected email (undeliverable): jane.doe@woodshardwarestore.com
Ace Hardware Clifton,(513) 281-9600,,http://www.facebook.com/acehardware.clifton,"344 Ludlow Ave, Cincinnati, OH 45220",4.7,,Hardware Stores,45001,http://www.facebook.com/acehardware.clifton,2026-06-08 20:59:23,Missing: email
Merrilee's Hardware Co,(812) 637-0090,,http://www.merrileeshardware.com/,"2045 Business Center Dr, Lawrenceburg, IN 47025",4.9,,Hardware Stores,45001,http://www.merrileeshardware.com/,2026-06-08 20:59:48,Missing: email
Menards,(859) 282-0759,,https://www.menards.com/store-details/store.html?store=3359&utm_source=localcard&utm_medium=organic,"5000 Apex Ln, Florence, KY 41042",4.2,,Hardware Stores,45001,https://www.menards.com/store-details/store.html?store=3359&utm_source=localcard&utm_medium=organic,2026-06-08 20:59:57,Missing: email
North Bend Total Automotive,(513) 941-8000,,https://northbendtotalautomotive.com/,"1 E Harrison Ave, North Bend, OH 45052",4.6,,Auto Repair Shops,45001,https://northbendtotalautomotive.com/,2026-06-08 21:14:48,Missing: email
NAPA AutoCare Center - Milt's Transmission Service,,,,"North Bend, OH 45052",5,,Auto Repair Shops,45001,3781473797639363314,2026-06-08 21:15:06,Missing: email
"Milt's Transmission Service, Inc",(513) 941-3338,,,"394 Three Rivers Pkwy, Addyston, OH 45001",4.8,,Auto Repair Shops,45001,2861078968155514599,2026-06-08 21:15:09,Missing: email
Jake's Auto Service,(513) 941-2500,,,"90 Huey Ave, Cincinnati, OH 45233",4.8,,Auto Repair Shops,45001,9800492649574602349,2026-06-08 21:15:12,Missing: email
Gilday's Auto Services,(513) 941-6688,,http://gildays-auto-services.edan.io/,"7580 Bridgetown Rd #1, Cincinnati, OH 45248",4.8,,Auto Repair Shops,45001,http://gildays-auto-services.edan.io/,2026-06-08 21:15:15,Missing: email
Duebber's Automotive Services Center,(513) 941-7700,,http://www.duebbersautomotive.com/,"6095 Cleves Warsaw Pike, Cincinnati, OH 45233",4.9,,Auto Repair Shops,45001,http://www.duebbersautomotive.com/,2026-06-08 21:15:48,Missing: email
Allen's Quality Auto Care,(513) 574-0894,,http://allensqualityautoc.com/,"4258 Harrison Ave, Cincinnati, OH 45211",4.9,,Auto Repair Shops,45001,http://allensqualityautoc.com/,2026-06-08 21:16:18,Missing: email
River Road Auto Care,(513) 941-8111,,,"5718 River Rd, Cincinnati, OH 45233",4.9,,Auto Repair Shops,45001,17898145215091970696,2026-06-08 21:16:36,Missing: email
Delhi Quality Auto Care,(513) 922-0894,,https://delhiqac.com/,"605 Anderson Ferry Rd, Cincinnati, OH 45238",4.9,,Auto Repair Shops,45001,https://delhiqac.com/,2026-06-08 21:16:39,Missing: email
RPM Auto Service,(513) 574-1314,,http://rpmautocinci.com/,"6111 Bridgetown Rd, Cincinnati, OH 45248",4.8,,Auto Repair Shops,45001,http://rpmautocinci.com/,2026-06-08 21:16:59,Missing: email
Cliff's Auto Services,(513) 574-6050,,,"5836 Filview Cir, Cincinnati, OH 45248",4.8,,Auto Repair Shops,45001,718508724282775435,2026-06-08 21:17:16,Missing: email
Three Rivers Body Shop,(513) 941-2626,,,"390 Three Rivers Pkwy, North Bend, OH 45052",4.9,,Auto Repair Shops,45001,3444783833953239121,2026-06-08 21:17:18,Missing: email
Wendell's Auto Services,(513) 661-8135,,http://www.wendellsauto.com/,"3919 Harrison Ave, Cincinnati, OH 45211",4.8,,Auto Repair Shops,45001,http://www.wendellsauto.com/,2026-06-08 21:17:21,Missing: email
5 Star Auto Care,(513) 440-2611,,http://www.5starautocarecincinnati.com/,"4005 N Bend Rd, Cincinnati, OH 45211",4.6,,Auto Repair Shops,45001,http://www.5starautocarecincinnati.com/,2026-06-08 21:17:38,Missing: email
Art Woodworking & Manufacturing Co,(513) 681-2986,last@artwoodmfg.com,https://www.artwoodmfg.net/,"4238 Dane Ave, Cincinnati, OH 45223",4.5,,Carpentry/Furniture Workshops,45001,https://www.artwoodmfg.net/,2026-06-08 21:21:26,Bouncer rejected email (undeliverable): last@artwoodmfg.com
Select Woodworking Inc,(513) 948-9901,jane.doe@mm-ds.com,,"427 W Seymour Ave, Cincinnati, OH 45216",5,,Carpentry/Furniture Workshops,45001,5536396211806042145,2026-06-08 21:21:34,Bouncer rejected email (undeliverable): jane.doe@mm-ds.com
Encompass Woodworking,(513) 569-2841,,http://encompasswoodworking.com/,"1303 Monmouth Ave, Cincinnati, OH 45225",5,,Carpentry/Furniture Workshops,45001,http://encompasswoodworking.com/,2026-06-08 21:21:39,Missing: email
Bogart's Woodworking,(513) 931-3961,,http://bogartswoodworking.com/,"1945 Shollenberger Ave, Cincinnati, OH 45239",4.7,,Carpentry/Furniture Workshops,45001,http://bogartswoodworking.com/,2026-06-08 21:22:31,Missing: email
Kelly Custom Woodworking,(513) 376-1216,,https://kellycustomwoodworking.com/contact/,"7379 Appleridge Ct, Cincinnati, OH 45247",,,Carpentry/Furniture Workshops,45001,https://kellycustomwoodworking.com/contact/,2026-06-08 21:23:06,Missing: email
The Manufactory,(513) 771-3605,,https://www.themanufactory.us/,"12055 Mosteller Rd, Cincinnati, OH 45241",4.8,,Carpentry/Furniture Workshops,45001,https://www.themanufactory.us/,2026-06-08 21:23:23,Missing: email
Gap Factory,(859) 586-3320,,https://www.gapfactory.com/stores/ky/hebron/gap-3111.html,"2050 Global Way #2050, Hebron, KY 41048",4.3,,Garment Factories,45001,https://www.gapfactory.com/stores/ky/hebron/gap-3111.html,2026-06-08 21:25:36,Missing: email
Garment Factory Events,(317) 868-8227,,https://www.garmentfactoryevents.com/,"101 E Wayne St, Franklin, IN 46131",4.8,,Garment Factories,45001,https://www.garmentfactoryevents.com/,2026-06-08 21:25:49,Missing: email
"Fiedeldey Steel Fabricators, Inc.",(513) 353-3300,,https://www.fiedeldeysteel.com/,"8487 E Miami River Rd, Cincinnati, OH 45247",5,,Steel Fabrication Units,45001,https://www.fiedeldeysteel.com/,2026-06-08 21:27:11,Missing: email
MetalCraft,(513) 451-4512,,https://www.metalcraftdesigns.com/,"3642 Muddy Creek Rd, Cincinnati, OH 45238",4.2,,Steel Fabrication Units,45001,https://www.metalcraftdesigns.com/,2026-06-08 21:27:46,Missing: email
Advanced Steel & Metal Processing,(513) 353-2946,,https://steelcincinnati.com/,"104 Ohio Ave, Hooven, OH 45033",4.5,,Steel Fabrication Units,45001,https://steelcincinnati.com/,2026-06-08 21:28:18,Missing: email
Western Hills Fabricators,(513) 922-6610,,http://westernhillsfab.com/,"3670 Werk Rd #13, Cincinnati, OH 45248",,,Steel Fabrication Units,45001,http://westernhillsfab.com/,2026-06-08 21:28:42,Missing: email
"W & W Custom Fabrication Inc. ""Catering to the Food Industry Since 1994""",(513) 353-4617,,http://wwcustomfab.com/,"4801 OH-128, Cleves, OH 45002",4.4,,Steel Fabrication Units,45001,http://wwcustomfab.com/,2026-06-08 21:29:18,Missing: email
Harvey Brothers Inc,(513) 541-2622,,http://www.harveybrothersinc.com/,"3492 Spring Grove Ave, Cincinnati, OH 45223",5,,Steel Fabrication Units,45001,http://www.harveybrothersinc.com/,2026-06-08 21:29:32,Missing: email
Bickers Metal Products Inc,(513) 353-4000,,,"5825 Hamilton Cleves Rd, Cleves, OH 45002",5,,Steel Fabrication Units,45001,13712992001279380613,2026-06-08 21:29:42,Missing: email
Rivers Edge Indoor Sports,(513) 264-1775,last@riversedgeindoor.com,http://www.riversedgeindoor.com/,"5255 OH-128, Cleves, OH 45002",4.3,,Indoor Sports Arenas,45001,http://www.riversedgeindoor.com/,2026-06-08 21:31:00,Bouncer rejected email (undeliverable): last@riversedgeindoor.com
Fifth Third Arena,(513) 556-2170,,,"2700 O'Varsity Way, Cincinnati, OH 45221",4.6,,Indoor Sports Arenas,45001,14046695384709904758,2026-06-08 21:31:34,Missing: email
The Field Sports Arena,(513) 667-9099,,https://thefieldsportsarena.com/,"215 American Way, Monroe, OH 45050",4.3,,Indoor Sports Arenas,45001,https://thefieldsportsarena.com/,2026-06-08 21:31:55,Missing: email
Siemer Milling Co.,(812) 637-4080,,http://www.siemermilling.com/,"707 Harrison Brookville Rd, West Harrison, IN 47060",4.8,,Small Flour Mills,45001,http://www.siemermilling.com/,2026-06-08 21:32:47,Missing: email
Brighton Mills - Cincinnati,(513) 681-3175,,,"2641 Spring Grove Ave, Cincinnati, OH 45214",4.6,,Small Flour Mills,45001,17937938311216140931,2026-06-08 21:33:07,Missing: email
